instr,addr,pipe,call_count,cycles,running_time(us),detail
WAIT_FLAG_DEVI,290686212,FLOWCTRL,2,6870,3.820000,"UIMM:0x2,"
WAIT_FLAG_DEVI,290685504,FLOWCTRL,2,4622,2.570000,"UIMM:0,"
BAR,290686240,ALL,2,2616,1.450000,"PIPE:ALL"
MOV_SRC_TO_DST_ALIGN,290686236,MTE2,2,2612,1.450000,"Src:OUT,Dst:UB,XD:X2=0x18280,XN:X16=0x113e2600,XM:X8=0x8000200,XT:X0=0,Dtype:B32,id:88"
BAR,290686108,ALL,64,1984,1.100000,"PIPE:ALL"
VMULS,290686084,VECTOR,64,1920,1.070000,"XD:X10=0,XN:X10=0,XM:X8=0,XT:X24=0x100080800010001,Dtype:F32,Id:4002"
MOVEMASK,290686100,VECTOR,64,1856,1.030000,"XN:X14=0xffffffffffffffff,Pos:1,Id:4006"
MOVEMASK,290686104,VECTOR,64,1856,1.030000,"XN:X14=0xffffffffffffffff,Pos:0,Id:4007"
BAR,290685820,ALL,64,1472,0.820000,"PIPE:ALL"
VADDS,290685796,VECTOR,64,1408,0.780000,"XD:X11=0x10200,XN:X11=0x10200,XM:X8=0x80000000,XT:X24=0x100080800010001,Dtype:F32,Id:1543"
MOVEMASK,290685812,VECTOR,64,1344,0.750000,"XN:X14=0xffffffffffffffff,Pos:1,Id:1547"
MOVEMASK,290685816,VECTOR,64,1344,0.750000,"XN:X14=0xffffffffffffffff,Pos:0,Id:1548"
BAR,290686280,ALL,2,1066,0.590000,"PIPE:ALL"
VADD,290686256,VECTOR,2,1066,0.590000,"XD:X5=0,XN:X5=0,XM:X2=0x18280,XT:X23=0x100080808010101,Dtype:F32,Id:6281"
MOVEMASK,290686272,VECTOR,2,1062,0.590000,"XN:X14=0xffffffffffffffff,Pos:1,Id:6285"
MOVEMASK,290686276,VECTOR,2,1062,0.590000,"XN:X14=0xffffffffffffffff,Pos:0,Id:6286"
MOVEMASK,290686080,VECTOR,64,1024,0.570000,"XN:X17=0x200,Pos:0,Id:4001"
MOVEMASK,290686076,VECTOR,64,1024,0.570000,"XN:X7=0,Pos:1,Id:4000"
MOVEMASK,290685792,VECTOR,64,1024,0.570000,"XN:X31=0x40,Pos:0,Id:1542"
MOVEMASK,290685788,VECTOR,64,1024,0.570000,"XN:X7=0,Pos:1,Id:1541"
BAR,290686508,ALL,32,960,0.530000,"PIPE:ALL"
VMULS,290686484,VECTOR,32,960,0.530000,"XD:X12=0,XN:X12=0,XM:X11=0x3c000000,XT:X7=0x100080800010001,Dtype:F32,Id:11218"
MOVEMASK,290686500,VECTOR,32,896,0.500000,"XN:X8=0xffffffffffffffff,Pos:1,Id:11222"
MOVEMASK,290686504,VECTOR,32,896,0.500000,"XN:X8=0xffffffffffffffff,Pos:0,Id:11223"
BAR,290685516,ALL,2,818,0.450000,"PIPE:ALL"
MOV_SRC_TO_DST_ALIGN,290685512,MTE2,2,814,0.450000,"Src:OUT,Dst:UB,XD:X21=0x12280,XN:X15=0x113ba200,XM:X8=0x1000200,XT:X7=0,Dtype:B32,id:69"
LD_XD_XN_IMM,290685740,SCALAR,64,768,0.430000,"dtype:B32,XD:X8=0,XN:X8=0x90080,IMM:0,"
LD_XD_XN,290686032,SCALAR,64,768,0.430000,"dtype:B32,XD:X8=0,XN:X8=0x12200,XM:X22=0x20000,#POST:0,"
MOV_SRC_TO_DST_ALIGN,290686644,MTE3,1,736,0.410000,"Src:UB,Dst:OUT,XD:X1=0x113a6000,XN:X2=0x18280,XM:X3=0x4000200,XT:X0=0,Dtype:B16,id:163"
SET_FLAG,290685748,SCALAR,64,704,0.390000,"PIPE:SCALAR,TRIGGERPIPE:VEC,FLAGID:7,"
SET_FLAG,290686040,SCALAR,64,704,0.390000,"PIPE:SCALAR,TRIGGERPIPE:VEC,FLAGID:7,"
BAR,290686200,ALL,2,529,0.290000,"PIPE:ALL"
MOV_SRC_TO_DST_ALIGN,290686196,MTE3,2,525,0.290000,"Src:UB,Dst:OUT,XD:X3=0x113c0400,XN:X2=0x18280,XM:X8=0x800200,XT:X0=0,Dtype:B16,id:72"
BAR,290685920,VECTOR,2,520,0.290000,"PIPE:VEC"
BAR,290685924,ALL,2,520,0.290000,"PIPE:ALL"
VCADD,290685916,VECTOR,2,518,0.290000,"XD:X2=0x18280,XN:X25=0x10200,XT:X0=0x2000000800010001,Dtype:F32,Id:3960"
MOVEMASK,290686480,VECTOR,32,512,0.280000,"XN:X4=0x200,Pos:0,Id:11217"
MOVEMASK,290686448,VECTOR,32,512,0.280000,"XN:X1=0,Pos:1,Id:11209"
DIV,290686452,SCALAR,32,448,0.250000,"dtype:F32,XD:X11=0x3c000000,XN:X3=0x3f800000,XM:X11=0x43000000,"
LD_XD_XN_IMM,290684104,SCALAR,1,391,0.220000,"dtype:B64,XD:X0=0,XN:X0=0x11539040,IMM:0,"
LDP_XI_XJ_XN,290684100,SCALAR,1,388,0.220000,"dtype:B64,XI:X1=0,XJ:X4=0,XN:X1=0x1022fe00,IMM:0x18,"
LDP_XI_XJ_XN,290684108,SCALAR,1,387,0.220000,"dtype:B64,XI:X3=0,XJ:X2=0,XN:X2=0x1022fe28,IMM:0,"
SET_FLAG,290686460,SCALAR,32,384,0.210000,"PIPE:SCALAR,TRIGGERPIPE:VEC,FLAGID:7,"
LD_XD_XN,290686428,SCALAR,32,384,0.210000,"dtype:B32,XD:X11=0,XN:X11=0x10000,XM:X22=0x20000,#POST:0,"
SUB,290685764,SCALAR,64,320,0.180000,"dtype:F32,XD:X8=0x80000000,XN:X1=0x80000000,XM:X8=0,"
BAR,290685480,ALL,2,310,0.170000,"PIPE:ALL"
STI_XN_IMM,290684172,SCALAR,1,299,0.170000,"dtype:B32,XN:X30=0x1d8240,IMM:0x8f0,#POST:0,#IMM_TYPE:ZERO,"
BAR,290685264,ALL,1,298,0.170000,"PIPE:ALL"
STP_XI_XJ_XN,290684224,SCALAR,1,292,0.160000,"dtype:B64,XI:X5=0,XJ:X5=0,XN:X0=0x1d7b20,IMM:0,"
STP_XI_XJ_XN,290684216,SCALAR,1,292,0.160000,"dtype:B64,XI:X5=0,XJ:X5=0,XN:X1=0x1d7b00,IMM:0,"
STP_XI_XJ_XN,290684220,SCALAR,1,292,0.160000,"dtype:B64,XI:X5=0,XJ:X5=0,XN:X0=0x1d7b20,IMM:0x30,"
STI_XN_IMM,290684336,SCALAR,1,291,0.160000,"dtype:B32,XN:X30=0x1d8240,IMM:0x924,#POST:0,#IMM_TYPE:ZERO,"
ST_XD_XN_IMM,290684340,SCALAR,1,291,0.160000,"dtype:B64,XD:X1=0x2000000010000,XN:X30=0x1d8240,IMM:0x900,"
STI_XN_IMM,290684344,SCALAR,1,291,0.160000,"dtype:B8,XN:X30=0x1d8240,IMM:0x930,#POST:0,#IMM_TYPE:ZERO,"
STI_XN_IMM,290684176,SCALAR,1,290,0.160000,"dtype:B64,XN:X30=0x1d8240,IMM:0x908,#POST:0,#IMM_TYPE:ZERO,"
ST_XD_XN_IMM,290685312,SCALAR,1,290,0.160000,"dtype:B64,XD:X1=0x8000,XN:X30=0x1d8240,IMM:0x878,"
ST_XD_XN_IMM,290684152,SCALAR,1,290,0.160000,"dtype:B32,XD:X0=0x7ff80,XN:X30=0x1d8240,IMM:0xd38,"
ST_XD_XN_IMM,290684252,SCALAR,1,289,0.160000,"dtype:B64,XD:X1=0x1d7ac8,XN:X0=0x1d0008,IMM:0,"
BAR,290685228,VECTOR,1,284,0.160000,"PIPE:VEC"
ST_XD_XN_IMM,290684112,SCALAR,1,277,0.150000,"dtype:B64,XD:X1=0x11396000,XN:X30=0x1d8240,IMM:0x880,"
ST_XD_XN_IMM,290684296,SCALAR,1,277,0.150000,"dtype:B32,XD:X1=0x10000,XN:X30=0x1d8240,IMM:0x8fc,"
STI_XN_IMM,290684248,SCALAR,1,273,0.150000,"dtype:B32,XN:X30=0x1d8240,IMM:0xd10,#POST:0,#IMM_TYPE:ALL_ONE,"
MOVEV,290685184,VECTOR,1,271,0.150000,"XD:X5=0,XN:X0=0,XT:X9=0x100000800010001,Dtype:B32,Id:1390"
STI_XN_IMM,290684280,SCALAR,1,270,0.150000,"dtype:B8,XN:X30=0x1d8240,IMM:0x910,#POST:0,#IMM_TYPE:ZERO,"
STI_XN_IMM,290684384,SCALAR,1,270,0.150000,"dtype:B8,XN:X30=0x1d8240,IMM:0x940,#POST:0,#IMM_TYPE:ZERO,"
ST_XD_XN_IMM,290684292,SCALAR,1,270,0.150000,"dtype:B64,XD:X0=0xffffffff00010000,XN:X30=0x1d8240,IMM:0x918,"
STI_XN_IMM,290684288,SCALAR,1,270,0.150000,"dtype:B32,XN:X30=0x1d8240,IMM:0x914,#POST:0,#IMM_TYPE:ZERO,"
STI_XN_IMM,290684284,SCALAR,1,270,0.150000,"dtype:B16,XN:X30=0x1d8240,IMM:0x912,#POST:0,#IMM_TYPE:ALL_ONE,"
STI_XN_IMM,290684388,SCALAR,1,270,0.150000,"dtype:B16,XN:X30=0x1d8240,IMM:0x942,#POST:0,#IMM_TYPE:ALL_ONE,"
STI_XN_IMM,290684392,SCALAR,1,270,0.150000,"dtype:B32,XN:X30=0x1d8240,IMM:0x944,#POST:0,#IMM_TYPE:ZERO,"
ST_XD_XN_IMM,290684396,SCALAR,1,270,0.150000,"dtype:B64,XD:X0=0xffffffff00020000,XN:X30=0x1d8240,IMM:0x948,"
STI_XN_IMM,290684400,SCALAR,1,270,0.150000,"dtype:B8,XN:X30=0x1d8240,IMM:0x950,#POST:0,#IMM_TYPE:ZERO,"
STI_XN_IMM,290684404,SCALAR,1,270,0.150000,"dtype:B16,XN:X30=0x1d8240,IMM:0x952,#POST:0,#IMM_TYPE:ALL_ONE,"
STI_XN_IMM,290684276,SCALAR,1,269,0.150000,"dtype:B32,XN:X30=0x1d8240,IMM:0xd14,#POST:0,#IMM_TYPE:ALL_ONE,"
STI_XN_IMM,290684272,SCALAR,1,269,0.150000,"dtype:B32,XN:X30=0x1d8240,IMM:0xd18,#POST:0,#IMM_TYPE:ALL_ONE,"
STI_XN_IMM,290684300,SCALAR,1,269,0.150000,"dtype:B8,XN:X30=0x1d8240,IMM:0x920,#POST:0,#IMM_TYPE:ZERO,"
STI_XN_IMM,290684304,SCALAR,1,269,0.150000,"dtype:B16,XN:X30=0x1d8240,IMM:0x922,#POST:0,#IMM_TYPE:ALL_ONE,"
ST_XD_XN_IMM,290684312,SCALAR,1,269,0.150000,"dtype:B64,XD:X0=0xffffffff00010000,XN:X30=0x1d8240,IMM:0x928,"
BAR,290685216,VECTOR,1,268,0.150000,"PIPE:VEC"
ST_XD_XN_IMM,290684428,SCALAR,1,267,0.150000,"dtype:B64,XD:X0=0xffffffff0002ff00,XN:X30=0x1d8240,IMM:0x958,"
STI_XN_IMM,290684436,SCALAR,1,266,0.150000,"dtype:B32,XN:X30=0x1d8240,IMM:0x954,#POST:0,#IMM_TYPE:ZERO,"
BAR,290685596,ALL,2,264,0.150000,"PIPE:ALL"
STP_XI_XJ_XN,290684184,SCALAR,1,262,0.150000,"dtype:B64,XI:X5=0,XJ:X5=0,XN:X0=0x1d7ae0,IMM:0x30,"
STI_XN_IMM,290684180,SCALAR,1,262,0.150000,"dtype:B64,XN:X30=0x1d8240,IMM:0x888,#POST:0,#IMM_TYPE:ZERO,"
STP_XI_XJ_XN,290684188,SCALAR,1,262,0.150000,"dtype:B64,XI:X5=0,XJ:X5=0,XN:X0=0x1d7ae0,IMM:0,"
STP_XI_XJ_XN,290684212,SCALAR,1,260,0.140000,"dtype:B64,XI:X5=0,XJ:X5=0,XN:X1=0x1d7b00,IMM:0x30,"
BAR,290686456,VECTOR,32,224,0.120000,"PIPE:VEC"
BAR,290685584,VECTOR,2,214,0.120000,"PIPE:VEC"
BAR,290685876,ALL,2,186,0.100000,"PIPE:ALL"
VEXP,290685872,VECTOR,2,182,0.100000,"XD:X25=0x10200,XN:X25=0x10200,XT:X24=0x100080800010001,Dtype:F32,Id:3949"
BAR,290685540,ALL,2,174,0.100000,"PIPE:ALL"
VADD,290685536,VECTOR,2,170,0.090000,"XD:X25=0x10200,XN:X25=0x10200,XM:X21=0x12280,XT:X23=0x100080808010101,Dtype:F32,Id:1478"
BAR,290685016,ALL,1,163,0.090000,"PIPE:ALL"
VCONV,290686576,VECTOR,1,147,0.080000,"XD:X2=0x18280,XN:X5=0,XT:X1=0x100080400010001,Conv_type:F32_F16R,Id:13388"
BAR,290686608,ALL,1,146,0.080000,"PIPE:ALL"
MOVEMASK,290686604,VECTOR,1,144,0.080000,"XN:X1=0xffffffffffffffff,Pos:0,Id:13395"
MOVEMASK,290686600,VECTOR,1,144,0.080000,"XN:X1=0xffffffffffffffff,Pos:1,Id:13394"
BAR,290685560,ALL,2,114,0.060000,"PIPE:ALL"
VMULS,290685556,VECTOR,2,110,0.060000,"XD:X25=0x10200,XN:X25=0x10200,XM:X8=0x3d3504f2,XT:X24=0x100080800010001,Dtype:F32,Id:1483"
VCGMAX,290685580,VECTOR,2,108,0.060000,"XD:X26=0x28280,XN:X26=0x28280,XT:X9=0x100000800010001,Dtype:F32,Id:1489"
VADDS,290685568,VECTOR,2,106,0.060000,"XD:X26=0x28280,XN:X25=0x10200,XM:X0=0,XT:X24=0x100080800010001,Dtype:F32,Id:1486"
BAR,290685576,VECTOR,2,106,0.060000,"PIPE:VEC"
MOVEV,290685464,VECTOR,2,94,0.050000,"XD:X25=0x10200,XN:X0=0,XT:X9=0x100000800010001,Dtype:B32,Id:1460"
BAR,290686176,ALL,2,74,0.040000,"PIPE:ALL"
VCONV,290686172,VECTOR,2,70,0.040000,"XD:X2=0x18280,XN:X25=0x10200,XT:X8=0x100080400010001,Conv_type:F32_F16R,Id:6260"
ADD,290685720,SCALAR,64,64,0.040000,"dtype:S64,XD:X8=0x10080,XN:X8=0,XM:X12=0x10080,"
SHL,290685716,SCALAR,64,64,0.040000,"dtype:B64,XD:X8=0,DATA_SRC:IMM,IMM:0x2,"
MOV_XD_SPR,290685768,SCALAR,64,64,0.040000,"XD:X10=0,SPR:CTRL,"
AND,290685724,SCALAR,64,64,0.040000,"dtype:B64,XD:X11=0x80000,XN:X22=0x80000,XM:X29=0xfffffffffffffffc,"
ADD_IMM,290686112,SCALAR,64,64,0.040000,"dtype:S64,XD:X27=0x1,XN:X27=0,IMM:0x1,"
ZEROEXT,290685780,SCALAR,64,64,0.040000,"dtype:U32,XD:X11=0x10200,XN:X11=0x10200,"
ADD,290685732,SCALAR,64,64,0.040000,"dtype:S64,XD:X8=0x90080,XN:X8=0x10080,XM:X11=0x80000,"
WAIT_FLAG,290685736,SCALAR,64,64,0.040000,"PIPE:VEC,TRIGGERPIPE:SCALAR,FLAGID:7,"
INSERT_XD,290685776,SCALAR,64,64,0.040000,"XD:X10=0x100000000000000,IMM:0x1,POSITION:0x38,EXT:0,"
MOV_XD_XN,290685752,SCALAR,64,64,0.040000,"dtype:S64,XD:X11=0,XN:X27=0,"
SHL,290685760,SCALAR,64,64,0.040000,"dtype:B64,XD:X11=0,DATA_SRC:IMM,IMM:0x8,"
ADD,290685772,SCALAR,64,64,0.040000,"dtype:S64,XD:X11=0x10200,XN:X11=0,XM:X13=0x10200,"
ZEROEXT,290685704,SCALAR,64,64,0.040000,"dtype:U32,XD:X0=0,XN:X27=0,"
ADD_IMM,290685824,SCALAR,64,64,0.040000,"dtype:S64,XD:X27=0x1,XN:X27=0,IMM:0x1,"
INSERT_XD,290685804,SCALAR,64,64,0.040000,"XD:X8=0,IMM:0,POSITION:0x38,EXT:0,"
MOV_XD_SPR,290685800,SCALAR,64,64,0.040000,"XD:X8=0x100000000000000,SPR:CTRL,"
MOV_XD_SPR,290685700,SCALAR,64,64,0.040000,"XD:X8=0,SPR:SYS_VA_BASE,"
ZEROEXT,290686008,SCALAR,64,64,0.040000,"dtype:U32,XD:X0=0,XN:X27=0,"
MOV_XD_XN,290686012,SCALAR,64,64,0.040000,"dtype:S64,XD:X8=0,XN:X0=0,"
SHL,290686016,SCALAR,64,64,0.040000,"dtype:B64,XD:X8=0,DATA_SRC:IMM,IMM:0x2,"
ADD,290686024,SCALAR,64,64,0.040000,"dtype:S64,XD:X8=0x12200,XN:X8=0,XM:X19=0x12200,"
WAIT_FLAG,290686028,SCALAR,64,64,0.040000,"PIPE:VEC,TRIGGERPIPE:SCALAR,FLAGID:7,"
INSERT_XD,290686092,SCALAR,64,64,0.040000,"XD:X8=0,IMM:0,POSITION:0x38,EXT:0,"
ADD,290685708,SCALAR,64,64,0.040000,"dtype:S64,XD:X22=0x80000,XN:X8=0,XM:X28=0x80000,"
MOV_XD_XN,290686044,SCALAR,64,64,0.040000,"dtype:S64,XD:X10=0,XN:X27=0,"
SHL,290686052,SCALAR,64,64,0.040000,"dtype:B64,XD:X10=0,DATA_SRC:IMM,IMM:0xb,"
MOV_XD_SPR,290686056,SCALAR,64,64,0.040000,"XD:X11=0,SPR:CTRL,"
ADD,290686060,SCALAR,64,64,0.040000,"dtype:S64,XD:X10=0,XN:X10=0,XM:X5=0,"
INSERT_XD,290686064,SCALAR,64,64,0.040000,"XD:X11=0x100000000000000,IMM:0x1,POSITION:0x38,EXT:0,"
ZEROEXT,290686068,SCALAR,64,64,0.040000,"dtype:U32,XD:X10=0,XN:X10=0,"
MOV_XD_XN,290685712,SCALAR,64,64,0.040000,"dtype:S64,XD:X8=0,XN:X0=0,"
MOV_XD_SPR,290686088,SCALAR,64,64,0.040000,"XD:X8=0x100000000000000,SPR:CTRL,"
VEXP,290685636,VECTOR,2,56,0.030000,"XD:X19=0x12200,XN:X19=0x12200,XT:X24=0x100080800010001,Dtype:F32,Id:1503"
BAR,290685660,ALL,2,56,0.030000,"PIPE:ALL"
BAR,290685956,ALL,2,52,0.030000,"PIPE:ALL"
MOVEMASK,290685652,VECTOR,2,52,0.030000,"XN:X14=0xffffffffffffffff,Pos:1,Id:1507"
MOVEMASK,290685656,VECTOR,2,52,0.030000,"XN:X14=0xffffffffffffffff,Pos:0,Id:1508"
BAR,290685628,ALL,2,48,0.030000,"PIPE:ALL"
VCGMAX,290685592,VECTOR,2,48,0.030000,"XD:X12=0x10080,XN:X26=0x28280,XT:X9=0x100000800010001,Dtype:F32,Id:1492"
VMUL,290685952,VECTOR,2,48,0.030000,"XD:X6=0x10000,XN:X6=0x10000,XM:X19=0x12200,XT:X23=0x100080808010101,Dtype:F32,Id:3969"
BAR,290685616,ALL,2,46,0.030000,"PIPE:ALL"
BAR,290685988,ALL,2,44,0.020000,"PIPE:ALL"
VADD,290685964,VECTOR,2,44,0.020000,"XD:X6=0x10000,XN:X6=0x10000,XM:X2=0x18280,XT:X23=0x100080808010101,Dtype:F32,Id:3972"
VSUB,290685624,VECTOR,2,44,0.020000,"XD:X19=0x12200,XN:X19=0x12200,XM:X12=0x10080,XT:X23=0x100080808010101,Dtype:F32,Id:1500"
VMAX,290685612,VECTOR,2,42,0.020000,"XD:X12=0x10080,XN:X12=0x10080,XM:X19=0x12200,XT:X23=0x100080808010101,Dtype:F32,Id:1497"
MOVEMASK,290685980,VECTOR,2,40,0.020000,"XN:X14=0xffffffffffffffff,Pos:1,Id:3976"
MOVEMASK,290685984,VECTOR,2,40,0.020000,"XN:X14=0xffffffffffffffff,Pos:0,Id:3977"
ST_XD_XN_IMM,290684368,SCALAR,1,40,0.020000,"dtype:B32,XD:X1=0x7ff00,XN:X30=0x1d8240,IMM:0x8f8,"
ST_XD_XN_IMM,290684432,SCALAR,1,37,0.020000,"dtype:B16,XD:X6=0x105,XN:X30=0x1d8240,IMM:0xd3c,"
ST_XD_XN_IMM,290684356,SCALAR,1,37,0.020000,"dtype:B64,XD:X0=0xffffffff0007ff00,XN:X30=0x1d8240,IMM:0x938,"
ST_XD_XN_IMM,290685040,SCALAR,1,37,0.020000,"dtype:B32,XD:X6=0x10000,XN:X30=0x1d8240,IMM:0x938,"
STI_XN_IMM,290684348,SCALAR,1,37,0.020000,"dtype:B16,XN:X30=0x1d8240,IMM:0x932,#POST:0,#IMM_TYPE:ALL_ONE,"
ST_XD_XN_IMM,290685048,SCALAR,1,37,0.020000,"dtype:B32,XD:X9=0x8000,XN:X30=0x1d8240,IMM:0x958,"
ST_XD_XN_IMM,290685044,SCALAR,1,37,0.020000,"dtype:B32,XD:X5=0x20000,XN:X30=0x1d8240,IMM:0x948,"
BAR,290685496,ALL,2,36,0.020000,"PIPE:ALL"
STI_XN_IMM,290684380,SCALAR,1,35,0.020000,"dtype:B32,XN:X30=0x1d8240,IMM:0x934,#POST:0,#IMM_TYPE:ZERO,"
ADD_IMM,290686512,SCALAR,32,32,0.020000,"dtype:S64,XD:X10=0x1,XN:X10=0,IMM:0x1,"
MOVEMASK,290685588,VECTOR,2,32,0.020000,"XN:X0=0x100,Pos:0,Id:1491"
ZEROEXT,290686404,SCALAR,32,32,0.020000,"dtype:U32,XD:X0=0,XN:X10=0,"
ST_XD_XN_IMM,290684412,SCALAR,1,32,0.020000,"dtype:B32,XD:X1=0x2ff00,XN:X30=0x1d8240,IMM:0x8f4,"
MOV_XD_XN,290686408,SCALAR,32,32,0.020000,"dtype:S64,XD:X11=0,XN:X0=0,"
MOV_XD_SPR,290686488,SCALAR,32,32,0.020000,"XD:X11=0x100000000000000,SPR:CTRL,"
INSERT_XD,290686472,SCALAR,32,32,0.020000,"XD:X13=0x100000000000000,IMM:0x1,POSITION:0x38,EXT:0,"
INSERT_XD,290686492,SCALAR,32,32,0.020000,"XD:X11=0,IMM:0,POSITION:0x38,EXT:0,"
ZEROEXT,290686444,SCALAR,32,32,0.020000,"dtype:U32,XD:X12=0,XN:X12=0,"
MOVEMASK,290685608,VECTOR,2,32,0.020000,"XN:X0=0x20,Pos:0,Id:1496"
MOV_XD_SPR,290686468,SCALAR,32,32,0.020000,"XD:X13=0,SPR:CTRL,"
MOVEMASK,290685948,VECTOR,2,32,0.020000,"XN:X0=0x20,Pos:0,Id:3968"
WAIT_FLAG,290686424,SCALAR,32,32,0.020000,"PIPE:VEC,TRIGGERPIPE:SCALAR,FLAGID:7,"
MOVEMASK,290686164,VECTOR,2,32,0.020000,"XN:X0=0,Pos:1,Id:6258"
MOVEMASK,290685456,VECTOR,2,32,0.020000,"XN:X7=0,Pos:1,Id:1458"
MOV_XD_XN,290686432,SCALAR,32,32,0.020000,"dtype:S64,XD:X12=0,XN:X10=0,"
SHL,290686412,SCALAR,32,32,0.020000,"dtype:B64,XD:X11=0,DATA_SRC:IMM,IMM:0x2,"
SHL,290686436,SCALAR,32,32,0.020000,"dtype:B64,XD:X12=0,DATA_SRC:IMM,IMM:0xb,"
ADD,290686440,SCALAR,32,32,0.020000,"dtype:S64,XD:X12=0,XN:X12=0,XM:X5=0,"
MOVEMASK,290686168,VECTOR,2,32,0.020000,"XN:X18=0x800,Pos:0,Id:6259"
MOVEMASK,290685860,VECTOR,2,32,0.020000,"XN:X27=0,Pos:1,Id:3946"
MOVEMASK,290685912,VECTOR,2,32,0.020000,"XN:X14=0xffffffffffffffff,Pos:0,Id:3959"
MOVEMASK,290685460,VECTOR,2,32,0.020000,"XN:X18=0x800,Pos:0,Id:1459"
MOVEMASK,290686252,VECTOR,2,32,0.020000,"XN:X0=0x4000,Pos:0,Id:6280"
ADD,290686420,SCALAR,32,32,0.020000,"dtype:S64,XD:X11=0x10000,XN:X11=0,XM:X6=0x10000,"
MOV_UB_TO_UB,290685492,VECTOR,2,32,0.020000,"Src:UB,Dst:UB,XD:X19=0x12200,XN:X12=0x10080,XM:X8=0x40010,"
MOVEMASK,290685868,VECTOR,2,32,0.020000,"XN:X18=0x800,Pos:0,Id:3948"
LD_XD_XN_IMM,290684484,SCALAR,5,26,0.010000,"dtype:B8,XD:X6=0,XN:X1=0x1d7b53,IMM:0,"
MOVEV,290685224,VECTOR,1,16,0.010000,"XD:X6=0x10000,XN:X0=0,XT:X9=0x100000800010001,Dtype:B32,Id:1400"
MOVEMASK,290685120,VECTOR,1,16,0.010000,"XN:X0=0x4000,Pos:0,Id:1374"
MOVEMASK,290684052,VECTOR,1,16,0.010000,"XN:X0=0xffffffffffffffff,Pos:0,Id:982"
MOVEMASK,290684056,VECTOR,1,16,0.010000,"XN:X0=0xffffffffffffffff,Pos:1,Id:983"
MOVEMASK,290686572,VECTOR,1,16,0.010000,"XN:X0=0,Pos:1,Id:13387"
MOVEMASK,290684196,VECTOR,1,16,0.010000,"XN:X1=0xffffffffffffffff,Pos:0,Id:1018"
MOVEMASK,290685152,VECTOR,1,16,0.010000,"XN:X7=0,Pos:1,Id:1382"
MOVEMASK,290684168,VECTOR,1,16,0.010000,"XN:X1=0xffffffffffffffff,Pos:1,Id:1011"
MOVEMASK,290685260,VECTOR,1,16,0.010000,"XN:X14=0xffffffffffffffff,Pos:0,Id:1409"
MOVEMASK,290685256,VECTOR,1,16,0.010000,"XN:X14=0xffffffffffffffff,Pos:1,Id:1408"
MOVEMASK,290685220,VECTOR,1,16,0.010000,"XN:X10=0x20,Pos:0,Id:1399"
MOVEMASK,290686536,VECTOR,1,16,0.010000,"XN:X1=0x4000,Pos:0,Id:13378"
MOVEV,290685232,VECTOR,1,16,0.010000,"XD:X12=0x10080,XN:X8=0xce800000,XT:X9=0x100000800010001,Dtype:B32,Id:1402"
SET_CROSS_CORE,290686208,MTE3,2,8,0.000000,"PIPE:MTE3,TRIGGERPIPE:UNDEF,FLAGID:0,XT:X8=0x121,id:74"
ZEROEXT,290684468,SCALAR,5,5,0.000000,"dtype:U8,XD:X8=0x5,XN:X7=0x5,"
DCCI,290687268,FLOWCTRL,1,5,0.000000,"XN:X15=0,"
LD_XD_XN_IMM,290685052,SCALAR,1,5,0.000000,"dtype:B32,XD:X5=0,XN:X30=0x1d8240,IMM:0x954,"
LD_XD_XN_IMM,290686612,SCALAR,1,5,0.000000,"dtype:B64,XD:X3=0,XN:X30=0x1d8240,IMM:0x878,"
LD_XD_XN_IMM,290686616,SCALAR,1,5,0.000000,"dtype:B64,XD:X1=0,XN:X30=0x1d8240,IMM:0x880,"
CMP_IMM,290684488,SCALAR,5,5,0.000000,"dtype:S64,XN:X6=0xff,IMM:0xff,cond_op:EQ,"
ADD_IMM,290684472,SCALAR,5,5,0.000000,"dtype:S64,XD:X1=0x1d7b63,XN:X1=0x1d7b53,IMM:0x10,"
ZEROEXT,290684464,SCALAR,5,5,0.000000,"dtype:U8,XD:X6=0x1,XN:X5=0x1,"
ADD_IMM,290684460,SCALAR,5,5,0.000000,"dtype:S64,XD:X5=0x1,XN:X5=0,IMM:0x1,"
SET_FLAG,290686620,SCALAR,1,5,0.000000,"PIPE:SCALAR,TRIGGERPIPE:MTE3,FLAGID:7,"
LD_XD_XN_IMM,290686648,SCALAR,1,5,0.000000,"dtype:B8,XD:X0=0,XN:X30=0x1d8240,IMM:0xd3d,"
MADD,290685076,SCALAR,1,3,0.000000,"dtype:S64,XD:X8=0x2,XN:X12=0x1,XM:X1=0x2,"
MADD,290684048,SCALAR,1,3,0.000000,"dtype:S64,XD:X29=0x1d7f80,XN:X15=0x1a,XM:X17=0x8000,"
MOVX8_XD_IMM,290685488,SCALAR,2,2,0.000000,"XD:X8=0x40010,IMM:0x8002,"
WAIT_FLAG,290685688,SCALAR,2,2,0.000000,"PIPE:MTE3,TRIGGERPIPE:SCALAR,FLAGID:7,"
MOV_XD_IMM,290685500,SCALAR,2,2,0.000000,"XD:X8=0x200,IMM:0x200,"
MOV_XD_IMM,290685680,SCALAR,2,2,0.000000,"XD:X27=0,IMM:0,"
INSERT_XD,290685644,SCALAR,2,2,0.000000,"XD:X22=0,IMM:0,POSITION:0x38,EXT:0,"
WAIT_FLAG,290685676,SCALAR,2,2,0.000000,"PIPE:VEC,TRIGGERPIPE:SCALAR,FLAGID:7,"
MOVK,290685508,SCALAR,2,2,0.000000,"XD:X8=0x1000200,IMM:0x100,UIMM:0x1,"
WAIT_FLAG,290685668,SCALAR,2,2,0.000000,"PIPE:MTE2,TRIGGERPIPE:SCALAR,FLAGID:7,"
INSERT_XD,290685848,SCALAR,2,2,0.000000,"XD:X8=0x100000000000000,IMM:0x1,POSITION:0x38,EXT:0,"
MOV_XD_SPR,290685524,SCALAR,2,2,0.000000,"XD:X22=0,SPR:CTRL,"
INSERT_XD,290685528,SCALAR,2,2,0.000000,"XD:X22=0x100000000000000,IMM:0x1,POSITION:0x38,EXT:0,"
MOV_XD_SPR,290685640,SCALAR,2,2,0.000000,"XD:X22=0x100000000000000,SPR:CTRL,"
MOV_XD_IMM,290685600,SCALAR,2,2,0.000000,"XD:X0=0x20,IMM:0x20,"
MOV_XD_IMM,290685852,SCALAR,2,2,0.000000,"XD:X27=0,IMM:0,"
BAR,290686292,ALL,2,2,0.000000,"PIPE:ALL"
MOV_XD_IMM,290685572,SCALAR,2,2,0.000000,"XD:X0=0x100,IMM:0x100,"
MOV_XD_SPR,290685844,SCALAR,2,2,0.000000,"XD:X8=0,SPR:CTRL,"
MOVK,290685552,SCALAR,2,2,0.000000,"XD:X8=0x3d3504f2,IMM:0x3d35,UIMM:0x1,"
MOV_XD_IMM,290685544,SCALAR,2,2,0.000000,"XD:X8=0x4f2,IMM:0x4f2,"
MOV_XD_IMM,290686204,SCALAR,2,2,0.000000,"XD:X8=0x121,IMM:0x121,"
MOV_XD_SPR,290686132,SCALAR,2,2,0.000000,"XD:X8=0,SPR:CTRL,"
INSERT_XD,290686136,SCALAR,2,2,0.000000,"XD:X8=0x100000000000000,IMM:0x1,POSITION:0x38,EXT:0,"
MOV_XD_IMM,290686144,SCALAR,2,2,0.000000,"XD:X8=0x1,IMM:0x1,"
MOVK,290686148,SCALAR,2,2,0.000000,"XD:X8=0x10001,IMM:0x1,UIMM:0x1,"
MOVK,290686152,SCALAR,2,2,0.000000,"XD:X8=0x80400010001,IMM:0x804,UIMM:0x2,"
MOV_XD_IMM,290686156,SCALAR,2,2,0.000000,"XD:X0=0,IMM:0,"
MOVK,290686160,SCALAR,2,2,0.000000,"XD:X8=0x100080400010001,IMM:0x100,UIMM:0x3,"
MOV_XD_IMM,290686184,SCALAR,2,2,0.000000,"XD:X8=0x200,IMM:0x200,"
MOVK,290686192,SCALAR,2,2,0.000000,"XD:X8=0x800200,IMM:0x80,UIMM:0x1,"
MOV_SPR_XN,290686308,SCALAR,2,2,0.000000,"SPR:CONDITION_FLAG,XN:X0=0x1,"
INSERT_XD,290685472,SCALAR,2,2,0.000000,"XD:X22=0,IMM:0,POSITION:0x38,EXT:0,"
MOV_XD_IMM,290686304,SCALAR,2,2,0.000000,"XD:X20=0,IMM:0,"
MOV_XD_IMM,290686224,SCALAR,2,2,0.000000,"XD:X8=0x200,IMM:0x200,"
MOVK,290686232,SCALAR,2,2,0.000000,"XD:X8=0x8000200,IMM:0x800,UIMM:0x1,"
AND,290686300,SCALAR,2,2,0.000000,"dtype:B64,XD:X0=0x1,XN:X20=0x1,XM:X0=0x1,"
MOV_XD_IMM,290686296,SCALAR,2,2,0.000000,"XD:X0=0x1,IMM:0x1,"
MOV_XD_IMM,290686244,SCALAR,2,2,0.000000,"XD:X0=0x4000,IMM:0x4000,"
MOV_XD_SPR,290686260,SCALAR,2,2,0.000000,"XD:X0=0x100000000000000,SPR:CTRL,"
INSERT_XD,290686264,SCALAR,2,2,0.000000,"XD:X0=0,IMM:0,POSITION:0x38,EXT:0,"
MOV_XD_IMM,290686284,SCALAR,2,2,0.000000,"XD:X0=0x321,IMM:0x321,"
MOVK,290685892,SCALAR,2,2,0.000000,"XD:X0=0x10001,IMM:0x1,UIMM:0x1,"
MOVK,290685908,SCALAR,2,2,0.000000,"XD:X0=0x2000000800010001,IMM:0x2000,UIMM:0x3,"
MOVK,290685900,SCALAR,2,2,0.000000,"XD:X0=0x800010001,IMM:0x8,UIMM:0x2,"
MOV_XD_SPR,290685932,SCALAR,2,2,0.000000,"XD:X8=0,SPR:CTRL,"
INSERT_XD,290685896,SCALAR,2,2,0.000000,"XD:X8=0,IMM:0,POSITION:0x38,EXT:0,"
INSERT_XD,290685936,SCALAR,2,2,0.000000,"XD:X8=0x100000000000000,IMM:0x1,POSITION:0x38,EXT:0,"
MOV_XD_IMM,290685940,SCALAR,2,2,0.000000,"XD:X0=0x20,IMM:0x20,"
MOV_XD_SPR,290685968,SCALAR,2,2,0.000000,"XD:X8=0x100000000000000,SPR:CTRL,"
INSERT_XD,290685972,SCALAR,2,2,0.000000,"XD:X8=0,IMM:0,POSITION:0x38,EXT:0,"
WAIT_FLAG,290685996,SCALAR,2,2,0.000000,"PIPE:VEC,TRIGGERPIPE:SCALAR,FLAGID:7,"
MOV_XD_SPR,290685888,SCALAR,2,2,0.000000,"XD:X8=0x100000000000000,SPR:CTRL,"
MOV_XD_IMM,290685884,SCALAR,2,2,0.000000,"XD:X0=0x1,IMM:0x1,"
INSERT_XD,290685444,SCALAR,2,2,0.000000,"XD:X22=0x100000000000000,IMM:0x1,POSITION:0x38,EXT:0,"
MOV_XD_SPR,290685440,SCALAR,2,2,0.000000,"XD:X22=0,SPR:CTRL,"
SHR,290685864,SCALAR,2,2,0.000000,"dtype:U64,XD:X22=0x20000,DATA_SRC:IMM,IMM:0x2,"
MOV_XD_IMM,290685452,SCALAR,2,2,0.000000,"XD:X0=0,IMM:0,"
MOV_XD_SPR,290685468,SCALAR,2,2,0.000000,"XD:X22=0x100000000000000,SPR:CTRL,"
NEG,290686376,SCALAR,1,1,0.000000,"dtype:S64,XD:X8=0xffffffffffffffff,XN:X8=0x1,"
MOVK,290686568,SCALAR,1,1,0.000000,"XD:X1=0x100080400010001,IMM:0x100,UIMM:0x3,"
MOV_XD_IMM,290687260,SCALAR,1,1,0.000000,"XD:X15=0,IMM:0,"
MOVK,290686636,SCALAR,1,1,0.000000,"XD:X3=0x4000200,IMM:0x400,UIMM:0x1,"
MOV_XD_IMM,290686632,SCALAR,1,1,0.000000,"XD:X3=0x200,IMM:0x200,"
ADD,290686628,SCALAR,1,1,0.000000,"dtype:S64,XD:X1=0x113a6000,XN:X1=0x11396000,XM:X3=0x10000,"
MOV_XD_SPR,290686580,SCALAR,1,1,0.000000,"XD:X3=0x100000000000000,SPR:CTRL,"
SHL,290686624,SCALAR,1,1,0.000000,"dtype:B64,XD:X3=0x10000,DATA_SRC:IMM,IMM:0x1,"
INSERT_XD,290686584,SCALAR,1,1,0.000000,"XD:X3=0,IMM:0,POSITION:0x38,EXT:0,"
MOV_XD_IMM,290686588,SCALAR,1,1,0.000000,"XD:X1=0x1,IMM:0x1,"
NEG,290686596,SCALAR,1,1,0.000000,"dtype:S64,XD:X1=0xffffffffffffffff,XN:X1=0x1,"
MOVK,290684012,SCALAR,1,1,0.000000,"XD:X29=0x107f80,IMM:0x10,UIMM:0x1,"
WAIT_FLAG,290686332,SCALAR,1,1,0.000000,"PIPE:MTE2,TRIGGERPIPE:SCALAR,FLAGID:7,"
MOVK,290686372,SCALAR,1,1,0.000000,"XD:X7=0x100080800010001,IMM:0x100,UIMM:0x3,"
MOV_XD_IMM,290686368,SCALAR,1,1,0.000000,"XD:X4=0x200,IMM:0x200,"
MOVK,290686364,SCALAR,1,1,0.000000,"XD:X3=0x3f800000,IMM:0x3f80,UIMM:0x1,"
MOV_XD_IMM,290686360,SCALAR,1,1,0.000000,"XD:X1=0,IMM:0,"
MOV_XD_IMM,290686352,SCALAR,1,1,0.000000,"XD:X8=0x1,IMM:0x1,"
MOVK,290686348,SCALAR,1,1,0.000000,"XD:X7=0x80800010001,IMM:0x808,UIMM:0x2,"
MOV_XD_IMM,290686528,SCALAR,1,1,0.000000,"XD:X1=0x4000,IMM:0x4000,"
MOV_XD_IMM,290686344,SCALAR,1,1,0.000000,"XD:X3=0,IMM:0,"
SET_FLAG,290686340,SCALAR,1,1,0.000000,"PIPE:SCALAR,TRIGGERPIPE:VEC,FLAGID:7,"
MOVK,290686336,SCALAR,1,1,0.000000,"XD:X7=0x10001,IMM:0x1,UIMM:0x1,"
MOV_XD_IMM,290686564,SCALAR,1,1,0.000000,"XD:X0=0,IMM:0,"
MOV_XD_IMM,290686380,SCALAR,1,1,0.000000,"XD:X9=0x1f,IMM:0x1f,"
MOV_XD_SPR,290686540,SCALAR,1,1,0.000000,"XD:X1=0,SPR:CTRL,"
MOV_XD_IMM,290686328,SCALAR,1,1,0.000000,"XD:X7=0x1,IMM:0x1,"
MOV_XD_IMM,290686384,SCALAR,1,1,0.000000,"XD:X10=0,IMM:0,"
INSERT_XD,290686544,SCALAR,1,1,0.000000,"XD:X1=0x100000000000000,IMM:0x1,POSITION:0x38,EXT:0,"
WAIT_FLAG,290686392,SCALAR,1,1,0.000000,"PIPE:MTE3,TRIGGERPIPE:SCALAR,FLAGID:7,"
MOV_XD_IMM,290686552,SCALAR,1,1,0.000000,"XD:X1=0x1,IMM:0x1,"
MOVK,290686556,SCALAR,1,1,0.000000,"XD:X1=0x10001,IMM:0x1,UIMM:0x1,"
MOVK,290686560,SCALAR,1,1,0.000000,"XD:X1=0x80400010001,IMM:0x804,UIMM:0x2,"
WAIT_FLAG,290686320,SCALAR,1,1,0.000000,"PIPE:VEC,TRIGGERPIPE:SCALAR,FLAGID:7,"
ADD,290685148,SCALAR,1,1,0.000000,"dtype:S64,XD:X8=0x10080,XN:X5=0,XM:X8=0x10080,"
ADD,290685188,SCALAR,1,1,0.000000,"dtype:S64,XD:X22=0x18280,XN:X5=0,XM:X15=0x18280,"
MOVX8_XD_IMM,290685180,SCALAR,1,1,0.000000,"XD:X14=0x12280,IMM:0x2450,"
MOVX8_XD_IMM,290685176,SCALAR,1,1,0.000000,"XD:X15=0x18280,IMM:0x3050,"
ADD,290685172,SCALAR,1,1,0.000000,"dtype:S64,XD:X20=0x28280,XN:X5=0,XM:X15=0x28280,"
SHR,290684232,SCALAR,1,1,0.000000,"dtype:U64,XD:X0=0x3a,DATA_SRC:IMM,IMM:0xf,"
MOVX8_XD_IMM,290685168,SCALAR,1,1,0.000000,"XD:X15=0x28280,IMM:0x5050,"
MOVK,290685164,SCALAR,1,1,0.000000,"XD:X8=0xce800000,IMM:0xce80,UIMM:0x1,"
MOV_XD_IMM,290685160,SCALAR,1,1,0.000000,"XD:X8=0,IMM:0,"
ZEROEXT,290685156,SCALAR,1,1,0.000000,"dtype:U32,XD:X12=0x10080,XN:X8=0x10080,"
MOVX8_XD_IMM,290685192,SCALAR,1,1,0.000000,"XD:X13=0x10200,IMM:0x2040,"
MOV_XD_IMM,290685144,SCALAR,1,1,0.000000,"XD:X10=0x20,IMM:0x20,"
MOVX8_XD_IMM,290685140,SCALAR,1,1,0.000000,"XD:X8=0x10080,IMM:0x2010,"
SHL,290684236,SCALAR,1,1,0.000000,"dtype:B64,XD:X0=0x1d0000,DATA_SRC:IMM,IMM:0xf,"
ADD_IMM,290684240,SCALAR,1,1,0.000000,"dtype:S64,XD:X0=0x1d0008,XN:X0=0x1d0000,IMM:0x8,"
ADD,290685136,SCALAR,1,1,0.000000,"dtype:S64,XD:X1=0x2,XN:X8=0x2,XM:X1=0,"
SHR,290685132,SCALAR,1,1,0.000000,"dtype:U64,XD:X1=0,DATA_SRC:IMM,IMM:0x3f,"
MOV_XD_IMM,290685128,SCALAR,1,1,0.000000,"XD:X0=0,IMM:0,"
MOVK,290685124,SCALAR,1,1,0.000000,"XD:X9=0x100000800010001,IMM:0x100,UIMM:0x3,"
SUB_IMM,290684204,SCALAR,1,1,0.000000,"dtype:S64,XD:X1=0x1d7b00,XN:X30=0x1d8240,IMM:0x740,"
SHL,290685280,SCALAR,1,1,0.000000,"dtype:B64,XD:X16=0,DATA_SRC:IMM,IMM:0xe,"
MOV_XD_XN,290685272,SCALAR,1,1,0.000000,"dtype:S64,XD:X18=0,XN:X16=0,"
MOV_XD_XN,290685268,SCALAR,1,1,0.000000,"dtype:S64,XD:X15=0x1,XN:X1=0x1,"
NEG,290684164,SCALAR,1,1,0.000000,"dtype:S64,XD:X1=0xffffffffffffffff,XN:X1=0x1,"
ADD,290685252,SCALAR,1,1,0.000000,"dtype:S64,XD:X8=0x12200,XN:X5=0,XM:X8=0x12200,"
MOVX8_XD_IMM,290685248,SCALAR,1,1,0.000000,"XD:X8=0x12200,IMM:0x2440,"
MOV_XD_IMM,290684192,SCALAR,1,1,0.000000,"XD:X6=0x105,IMM:0x105,"
INSERT_XD,290685240,SCALAR,1,1,0.000000,"XD:X15=0,IMM:0,POSITION:0x38,EXT:0,"
SUB_IMM,290684200,SCALAR,1,1,0.000000,"dtype:S64,XD:X0=0x1d7b20,XN:X30=0x1d8240,IMM:0x720,"
MOV_XD_IMM,290685116,SCALAR,1,1,0.000000,"XD:X7=0,IMM:0,"
MOV_XD_IMM,290684208,SCALAR,1,1,0.000000,"XD:X7=0x5,IMM:0x5,"
MOV_XD_SPR,290685236,SCALAR,1,1,0.000000,"XD:X15=0x100000000000000,SPR:CTRL,"
NEG,290685212,SCALAR,1,1,0.000000,"dtype:S64,XD:X14=0xffffffffffffffff,XN:X14=0x1,"
SUB_IMM,290684228,SCALAR,1,1,0.000000,"dtype:S64,XD:X0=0x1d7ab0,XN:X30=0x1d8240,IMM:0x790,"
ADD,290685208,SCALAR,1,1,0.000000,"dtype:S64,XD:X13=0x10200,XN:X5=0,XM:X13=0x10200,"
SHR,290685204,SCALAR,1,1,0.000000,"dtype:S64,XD:X1=0x1,DATA_SRC:IMM,IMM:0x1,"
MOV_XD_IMM,290685200,SCALAR,1,1,0.000000,"XD:X14=0x1,IMM:0x1,"
ADD,290685196,SCALAR,1,1,0.000000,"dtype:S64,XD:X17=0x12280,XN:X5=0,XM:X14=0x12280,"
MOVX8_XD_IMM,290684352,SCALAR,1,1,0.000000,"XD:X1=0x7ff00,IMM:0xffe0,"
MOVK,290684320,SCALAR,1,1,0.000000,"XD:X1=0x10000,IMM:0x1,UIMM:0x1,"
MOV_XD_SPR,290685036,SCALAR,1,1,0.000000,"XD:X8=0,SPR:SUBBLOCKID,"
MOV_XD_SPR,290685032,SCALAR,1,1,0.000000,"XD:X1=0x2,SPR:SUBBLOCKDIM,"
MOV_XD_IMM,290685028,SCALAR,1,1,0.000000,"XD:X9=0x8000,IMM:0x8000,"
MOVX8_XD_IMM,290685024,SCALAR,1,1,0.000000,"XD:X5=0x20000,IMM:0x4000,"
MOVX8_XD_IMM,290685020,SCALAR,1,1,0.000000,"XD:X6=0x10000,IMM:0x2000,"
MOVK,290684324,SCALAR,1,1,0.000000,"XD:X0=0xfff80100,IMM:0xfff8,UIMM:0x1,"
MOVK,290684328,SCALAR,1,1,0.000000,"XD:X1=0x2000000010000,IMM:0x2,UIMM:0x3,"
NEG,290684332,SCALAR,1,1,0.000000,"dtype:S64,XD:X0=0xffffffff0007ff00,XN:X0=0xfff80100,"
MOV_XD_SPR,290685056,SCALAR,1,1,0.000000,"XD:X16=0,SPR:SUBBLOCKID,"
SUB_IMM,290684424,SCALAR,1,1,0.000000,"dtype:S64,XD:X1=0x1d7b53,XN:X30=0x1d8240,IMM:0x6ed,"
NEG,290684420,SCALAR,1,1,0.000000,"dtype:S64,XD:X0=0xffffffff0002ff00,XN:X0=0xfffd0100,"
MOVK,290684416,SCALAR,1,1,0.000000,"XD:X0=0xfffd0100,IMM:0xfffd,UIMM:0x1,"
MOV_XD_IMM,290684408,SCALAR,1,1,0.000000,"XD:X0=0x100,IMM:0x100,"
MOVX8_XD_IMM,290684376,SCALAR,1,1,0.000000,"XD:X1=0x2ff00,IMM:0x5fe0,"
MOV_XD_IMM,290684360,SCALAR,1,1,0.000000,"XD:X0=0,IMM:0,"
NEG,290684372,SCALAR,1,1,0.000000,"dtype:S64,XD:X0=0xffffffff00020000,XN:X0=0xfffe0000,"
MOVK,290684364,SCALAR,1,1,0.000000,"XD:X0=0xfffe0000,IMM:0xfffe,UIMM:0x1,"
MOVK,290684260,SCALAR,1,1,0.000000,"XD:X0=0xffff0000,IMM:0xffff,UIMM:0x1,"
SUB_IMM,290684244,SCALAR,1,1,0.000000,"dtype:S64,XD:X1=0x1d7ac8,XN:X30=0x1d8240,IMM:0x778,"
MOV_XD_XN,290685112,SCALAR,1,1,0.000000,"dtype:S64,XD:X1=0x2,XN:X8=0x2,"
ZEROEXT,290685108,SCALAR,1,1,0.000000,"dtype:U32,XD:X6=0x10000,XN:X1=0x10000,"
MOVK,290685104,SCALAR,1,1,0.000000,"XD:X9=0x800010001,IMM:0x8,UIMM:0x2,"
MOV_XD_IMM,290685100,SCALAR,1,1,0.000000,"XD:X0=0x4000,IMM:0x4000,"
MOV_XD_IMM,290684256,SCALAR,1,1,0.000000,"XD:X0=0,IMM:0,"
ADD,290685096,SCALAR,1,1,0.000000,"dtype:S64,XD:X1=0x10000,XN:X5=0,XM:X6=0x10000,"
MOVK,290685092,SCALAR,1,1,0.000000,"XD:X9=0x10001,IMM:0x1,UIMM:0x1,"
MOV_XD_IMM,290685088,SCALAR,1,1,0.000000,"XD:X9=0x1,IMM:0x1,"
SHL,290685276,SCALAR,1,1,0.000000,"dtype:B64,XD:X1=0x8000,DATA_SRC:IMM,IMM:0xf,"
NEG,290684264,SCALAR,1,1,0.000000,"dtype:S64,XD:X0=0xffffffff00010000,XN:X0=0xffff0000,"
INSERT_XD,290685080,SCALAR,1,1,0.000000,"XD:X9=0x100000000000000,IMM:0x1,POSITION:0x38,EXT:0,"
MOV_XD_SPR,290685072,SCALAR,1,1,0.000000,"XD:X9=0,SPR:CTRL,"
SIGNEXT,290685068,SCALAR,1,1,0.000000,"dtype:S32,XD:X12=0x1,XN:X12=0x1,"
MOVX8_XD_IMM,290684268,SCALAR,1,1,0.000000,"XD:X1=0x10000,IMM:0x2000,"
MOV_XD_SPR,290685060,SCALAR,1,1,0.000000,"XD:X12=0x1,SPR:BLOCKID,"
MOV_XD_IMM,290684308,SCALAR,1,1,0.000000,"XD:X1=0,IMM:0,"
MOV_XD_IMM,290684316,SCALAR,1,1,0.000000,"XD:X0=0x100,IMM:0x100,"
ZEROEXT,290685412,SCALAR,1,1,0.000000,"dtype:U32,XD:X2=0x18280,XN:X22=0x18280,"
ADD_IMM,290684096,SCALAR,1,1,0.000000,"dtype:S64,XD:X2=0x1022fe28,XN:X1=0x1022fe00,IMM:0x28,"
MOV_SPR_XN,290684116,SCALAR,1,1,0.000000,"SPR:FFTS_BASE_ADDR,XN:X0=0,"
MOV_XD_SPR,290684120,SCALAR,1,1,0.000000,"XD:X0=0,SPR:CTRL,"
INSERT_XD_XN,290684124,SCALAR,1,1,0.000000,"XD:X0=0,XN:X5=0,IMM:0x6,UIMM:0x2,"
WAIT_FLAG,290685432,SCALAR,1,1,0.000000,"PIPE:VEC,TRIGGERPIPE:SCALAR,FLAGID:7,"
ZEROEXT,290685424,SCALAR,1,1,0.000000,"dtype:U32,XD:X25=0x10200,XN:X13=0x10200,"
MOV_XD_IMM,290685420,SCALAR,1,1,0.000000,"XD:X20=0x1,IMM:0x1,"
MOV_XD_IMM,290685416,SCALAR,1,1,0.000000,"XD:X17=0x200,IMM:0x200,"
MOV_XD_SPR,290684132,SCALAR,1,1,0.000000,"XD:X0=0,SPR:CTRL,"
MOV_XD_SPR,290684092,SCALAR,1,1,0.000000,"XD:X1=0x1022fe00,SPR:PARA_BASE,"
MOV_XD_IMM,290685408,SCALAR,1,1,0.000000,"XD:X4=0x1f,IMM:0x1f,"
MOV_XD_IMM,290685404,SCALAR,1,1,0.000000,"XD:X31=0x40,IMM:0x40,"
MOVK,290685400,SCALAR,1,1,0.000000,"XD:X1=0x80000000,IMM:0x8000,UIMM:0x1,"
NEG,290685396,SCALAR,1,1,0.000000,"dtype:S64,XD:X29=0xfffffffffffffffc,XN:X29=0x4,"
INSERT_XD,290684136,SCALAR,1,1,0.000000,"XD:X0=0,IMM:0,POSITION:0x38,EXT:0,"
MOVK,290685392,SCALAR,1,1,0.000000,"XD:X28=0x80000,IMM:0x8,UIMM:0x1,"
ZEROEXT,290685388,SCALAR,1,1,0.000000,"dtype:U32,XD:X26=0x28280,XN:X20=0x28280,"
MOVK,290685384,SCALAR,1,1,0.000000,"XD:X24=0x100080800010001,IMM:0x100,UIMM:0x3,"
NEG,290684044,SCALAR,1,1,0.000000,"dtype:S64,XD:X0=0xffffffffffffffff,XN:X0=0x1,"
MOV_XD_IMM,290684008,SCALAR,1,1,0.000000,"XD:X29=0x7f80,IMM:0x7f80,"
MOV_XD_SPR,290684016,SCALAR,1,1,0.000000,"XD:X15=0,SPR:SYS_VA_BASE,"
ADD,290684020,SCALAR,1,1,0.000000,"dtype:S64,XD:X29=0x107f80,XN:X29=0x107f80,XM:X15=0,"
MOV_XD_SPR,290684024,SCALAR,1,1,0.000000,"XD:X15=0x1a,SPR:COREID,"
MOV_XD_IMM,290684028,SCALAR,1,1,0.000000,"XD:X16=0x7fff,IMM:0x7fff,"
MOV_XD_IMM,290684032,SCALAR,1,1,0.000000,"XD:X0=0x1,IMM:0x1,"
AND,290684036,SCALAR,1,1,0.000000,"dtype:B64,XD:X15=0x1a,XN:X15=0x1a,XM:X16=0x7fff,"
MOV_XD_IMM,290684040,SCALAR,1,1,0.000000,"XD:X17=0x8000,IMM:0x8000,"
SUB_IMM,290684160,SCALAR,1,1,0.000000,"dtype:S64,XD:X0=0x1d7ae0,XN:X30=0x1d8240,IMM:0x760,"
ADD_IMM,290684060,SCALAR,1,1,0.000000,"dtype:S64,XD:X30=0x1d8240,XN:X29=0x1d7f80,IMM:0x2c0,"
MOV_XD_IMM,290684064,SCALAR,1,1,0.000000,"XD:X5=0,IMM:0,"
MOV_XD_IMM,290684068,SCALAR,1,1,0.000000,"XD:X0=0x138c,IMM:0x138c,"
MOVK,290684072,SCALAR,1,1,0.000000,"XD:X0=0x138c,IMM:0,UIMM:0x1,"
MOVK,290684076,SCALAR,1,1,0.000000,"XD:X0=0x138c,IMM:0,UIMM:0x2,"
MOVK,290684080,SCALAR,1,1,0.000000,"XD:X0=0x138c,IMM:0,UIMM:0x3,"
MOV_XD_SPR,290684084,SCALAR,1,1,0.000000,"XD:X1=0x11537cb4,SPR:PC,"
ADD,290684088,SCALAR,1,1,0.000000,"dtype:S64,XD:X0=0x11539040,XN:X0=0x138c,XM:X1=0x11537cb4,"
MOV_XD_IMM,290685300,SCALAR,1,1,0.000000,"XD:X23=0x101,IMM:0x101,"
ADD,290685296,SCALAR,1,1,0.000000,"dtype:S64,XD:X18=0x1000,XN:X18=0,XM:X15=0x1000,"
SHL,290685316,SCALAR,1,1,0.000000,"dtype:B64,XD:X1=0x20000,DATA_SRC:IMM,IMM:0x2,"
MOVK,290685320,SCALAR,1,1,0.000000,"XD:X23=0x8010101,IMM:0x801,UIMM:0x1,"
MOVK,290685324,SCALAR,1,1,0.000000,"XD:X24=0x10001,IMM:0x1,UIMM:0x1,"
SHL,290685328,SCALAR,1,1,0.000000,"dtype:B64,XD:X15=0x4000,DATA_SRC:IMM,IMM:0x2,"
ADD,290685292,SCALAR,1,1,0.000000,"dtype:S64,XD:X1=0x8000,XN:X16=0,XM:X1=0x8000,"
SHL,290685288,SCALAR,1,1,0.000000,"dtype:B64,XD:X18=0,DATA_SRC:IMM,IMM:0xb,"
SHL,290685332,SCALAR,1,1,0.000000,"dtype:B64,XD:X18=0x2000,DATA_SRC:IMM,IMM:0x1,"
ADD,290685336,SCALAR,1,1,0.000000,"dtype:S64,XD:X16=0x113e2600,XN:X2=0x113c2600,XM:X1=0x20000,"
MOVK,290685340,SCALAR,1,1,0.000000,"XD:X23=0x80808010101,IMM:0x808,UIMM:0x2,"
MOV_XD_IMM,290684156,SCALAR,1,1,0.000000,"XD:X5=0,IMM:0,"
MOV_XD_XN,290685308,SCALAR,1,1,0.000000,"dtype:S64,XD:X15=0x1000,XN:X18=0x1000,"
MOVK,290685344,SCALAR,1,1,0.000000,"XD:X24=0x80800010001,IMM:0x808,UIMM:0x2,"
MOV_XD_IMM,290684148,SCALAR,1,1,0.000000,"XD:X1=0x1,IMM:0x1,"
MOV_XD_IMM,290685348,SCALAR,1,1,0.000000,"XD:X28=0,IMM:0,"
MOV_XD_IMM,290685352,SCALAR,1,1,0.000000,"XD:X29=0x4,IMM:0x4,"
MOV_XD_IMM,290685356,SCALAR,1,1,0.000000,"XD:X1=0,IMM:0,"
MOVX8_XD_IMM,290684144,SCALAR,1,1,0.000000,"XD:X0=0x7ff80,IMM:0xfff0,"
MOV_XD_IMM,290685304,SCALAR,1,1,0.000000,"XD:X24=0x1,IMM:0x1,"
ADD,290685360,SCALAR,1,1,0.000000,"dtype:S64,XD:X15=0x113ba200,XN:X4=0x113b6200,XM:X15=0x4000,"
ADD,290685364,SCALAR,1,1,0.000000,"dtype:S64,XD:X3=0x113c0400,XN:X3=0x113be400,XM:X18=0x2000,"
MOV_XD_IMM,290685368,SCALAR,1,1,0.000000,"XD:X18=0x800,IMM:0x800,"
SHL,290685284,SCALAR,1,1,0.000000,"dtype:B64,XD:X15=0x1000,DATA_SRC:IMM,IMM:0xc,"
ZEROEXT,290685372,SCALAR,1,1,0.000000,"dtype:U32,XD:X19=0x12200,XN:X8=0x12200,"
ZEROEXT,290685376,SCALAR,1,1,0.000000,"dtype:U32,XD:X21=0x12280,XN:X17=0x12280,"
MOVK,290685380,SCALAR,1,1,0.000000,"XD:X23=0x100080808010101,IMM:0x100,UIMM:0x3,"
SET_FLAG,290686416,VECTOR,32,0,0.000000,"PIPE:VEC,TRIGGERPIPE:SCALAR,FLAGID:7,"
JUMPCMP,290686652,FLOWCTRL,1,0,0.000000,"TargetPC:0,CMP_dtype:S64,XN:X0=0x1,Condition_op:1,FC_type:IMM,IMM:0x98CMP_type:IMM,UIMM:0,"
WAIT_FLAG,290686640,MTE3,1,0,0.000000,"PIPE:SCALAR,TRIGGERPIPE:MTE3,FLAGID:7,"
SET_FLAG,290686524,SCALAR,1,0,0.000000,"PIPE:SCALAR,TRIGGERPIPE:VEC,FLAGID:7,"
SET_FLAG,290686220,SCALAR,2,0,0.000000,"PIPE:SCALAR,TRIGGERPIPE:MTE2,FLAGID:7,"
NOP,290687264,FLOWCTRL,1,0,0.000000,""
END,290687272,FLOWCTRL,1,0,0.000000,""
JUMPCMP,290686516,FLOWCTRL,32,0,0.000000,"TargetPC:0,CMP_dtype:U64,XN:X0=0,Condition_op:2,FC_type:IMM,IMM:0x3e2CMP_type:REG,XM:X9=0x1f,"
MOV_SPR_XN,290686496,SCALAR,32,0,0.000000,"SPR:CTRL,XN:X11=0,"
BAR,290686520,VECTOR,1,0,0.000000,"PIPE:VEC"
MOV_SPR_XN,290686592,SCALAR,1,0,0.000000,"SPR:CTRL,XN:X3=0,"
MOV_SPR_XN,290686548,SCALAR,1,0,0.000000,"SPR:CTRL,XN:X1=0x100000000000000,"
WAIT_FLAG,290686532,VECTOR,1,0,0.000000,"PIPE:SCALAR,TRIGGERPIPE:VEC,FLAGID:7,"
MOV_SPR_XN,290684128,SCALAR,1,0,0.000000,"SPR:CTRL,XN:X0=0,"
MOV_SPR_XN,290686476,SCALAR,32,0,0.000000,"SPR:CTRL,XN:X13=0x100000000000000,"
MOV_SPR_XN,290684140,SCALAR,1,0,0.000000,"SPR:CTRL,XN:X0=0,"
WAIT_FLAG,290686464,VECTOR,32,0,0.000000,"PIPE:SCALAR,TRIGGERPIPE:VEC,FLAGID:7,"
BAR,290685436,VECTOR,2,0,0.000000,"PIPE:VEC"
BAR,290685564,VECTOR,2,0,0.000000,"PIPE:VEC"
BAR,290685548,VECTOR,2,0,0.000000,"PIPE:VEC"
MOV_SPR_XN,290685532,SCALAR,2,0,0.000000,"SPR:CTRL,XN:X22=0x100000000000000,"
MOV_SPR_XN,290685856,SCALAR,2,0,0.000000,"SPR:CTRL,XN:X8=0x100000000000000,"
BAR,290685520,VECTOR,2,0,0.000000,"PIPE:VEC"
BAR,290685484,VECTOR,2,0,0.000000,"PIPE:VEC"
MOV_SPR_XN,290685476,SCALAR,2,0,0.000000,"SPR:CTRL,XN:X22=0,"
MOV_SPR_XN,290685448,SCALAR,2,0,0.000000,"SPR:CTRL,XN:X22=0x100000000000000,"
WAIT_FLAG,290685840,VECTOR,2,0,0.000000,"PIPE:SCALAR,TRIGGERPIPE:VEC,FLAGID:7,"
BAR,290685880,VECTOR,2,0,0.000000,"PIPE:VEC"
SET_FLAG,290685428,VECTOR,1,0,0.000000,"PIPE:VEC,TRIGGERPIPE:SCALAR,FLAGID:7,"
MOV_SPR_XN,290685904,SCALAR,2,0,0.000000,"SPR:CTRL,XN:X8=0,"
BAR,290685928,VECTOR,2,0,0.000000,"PIPE:VEC"
MOV_SPR_XN,290685944,SCALAR,2,0,0.000000,"SPR:CTRL,XN:X8=0x100000000000000,"
BAR,290685960,VECTOR,2,0,0.000000,"PIPE:VEC"
MOV_SPR_XN,290685976,SCALAR,2,0,0.000000,"SPR:CTRL,XN:X8=0,"
MOV_SPR_XN,290685808,SCALAR,64,0,0.000000,"SPR:CTRL,XN:X8=0,"
BAR,290685744,VECTOR,64,0,0.000000,"PIPE:VEC"
SET_FLAG,290685728,VECTOR,64,0,0.000000,"PIPE:VEC,TRIGGERPIPE:SCALAR,FLAGID:7,"
MOV_SPR_XN,290685784,SCALAR,64,0,0.000000,"SPR:CTRL,XN:X10=0x100000000000000,"
BAR,290685696,ALL,64,0,0.000000,"PIPE:ALL"
BAR,290685692,ALL,64,0,0.000000,"PIPE:ALL"
SET_FLAG,290685684,MTE3,2,0,0.000000,"PIPE:MTE3,TRIGGERPIPE:SCALAR,FLAGID:7,"
SET_FLAG,290685672,VECTOR,2,0,0.000000,"PIPE:VEC,TRIGGERPIPE:SCALAR,FLAGID:7,"
SET_FLAG,290685664,MTE2,2,0,0.000000,"PIPE:MTE2,TRIGGERPIPE:SCALAR,FLAGID:7,"
SET_FLAG,290685992,VECTOR,2,0,0.000000,"PIPE:VEC,TRIGGERPIPE:SCALAR,FLAGID:7,"
MOV_SPR_XN,290685648,SCALAR,2,0,0.000000,"SPR:CTRL,XN:X22=0,"
BAR,290685632,VECTOR,2,0,0.000000,"PIPE:VEC"
BAR,290685620,VECTOR,2,0,0.000000,"PIPE:VEC"
BAR,290685604,VECTOR,2,0,0.000000,"PIPE:VEC"
JUMPCMP,290685828,FLOWCTRL,64,0,0.000000,"TargetPC:0,CMP_dtype:U64,XN:X0=0,Condition_op:2,FC_type:IMM,IMM:0x3deCMP_type:REG,XM:X4=0x1f,"
BAR,290685832,VECTOR,2,0,0.000000,"PIPE:VEC"
SET_FLAG,290685836,SCALAR,2,0,0.000000,"PIPE:SCALAR,TRIGGERPIPE:VEC,FLAGID:7,"
SET_FLAG,290686324,MTE2,1,0,0.000000,"PIPE:MTE2,TRIGGERPIPE:SCALAR,FLAGID:7,"
WAIT_FLAG,290686228,MTE2,2,0,0.000000,"PIPE:SCALAR,TRIGGERPIPE:MTE2,FLAGID:7,"
BAR,290686248,VECTOR,2,0,0.000000,"PIPE:VEC"
MOV_SPR_XN,290686268,SCALAR,2,0,0.000000,"SPR:CTRL,XN:X0=0,"
MOV_SPR_XN,290685084,SCALAR,1,0,0.000000,"SPR:CTRL,XN:X9=0x100000000000000,"
SET_CROSS_CORE,290686288,VECTOR,2,0,0.000000,"PIPE:VEC,TRIGGERPIPE:UNDEF,FLAGID:0,XT:X0=0x321,"
BAR,290685064,VECTOR,1,0,0.000000,"PIPE:VEC"
JUMPC,290686312,FLOWCTRL,2,0,0.000000,"TargetPC:0x1153856c,cond_flag:1"
SET_FLAG,290686316,VECTOR,1,0,0.000000,"PIPE:VEC,TRIGGERPIPE:SCALAR,FLAGID:7,"
WAIT_FLAG,290685756,VECTOR,64,0,0.000000,"PIPE:SCALAR,TRIGGERPIPE:VEC,FLAGID:7,"
JUMPC,290684492,FLOWCTRL,5,0,0.000000,"TargetPC:0x11537e50,cond_flag:1"
JUMP,290684480,FLOWCTRL,1,0,0.000000,"TargetPC:0x11537e44"
WAIT_FLAG,290686356,VECTOR,1,0,0.000000,"PIPE:SCALAR,TRIGGERPIPE:VEC,FLAGID:7,"
JUMPCMP,290684476,FLOWCTRL,5,0,0.000000,"TargetPC:0,CMP_dtype:U64,XN:X6=0x1,Condition_op:2,FC_type:IMM,IMM:0x2CMP_type:REG,XM:X8=0x5,"
JUMP,290684440,FLOWCTRL,1,0,0.000000,"TargetPC:0x11537e44"
SET_FLAG,290686388,MTE3,1,0,0.000000,"PIPE:MTE3,TRIGGERPIPE:SCALAR,FLAGID:7,"
BAR,290686396,ALL,32,0,0.000000,"PIPE:ALL"
JUMPCMP,290686116,FLOWCTRL,64,0,0.000000,"TargetPC:0,CMP_dtype:U64,XN:X0=0,Condition_op:2,FC_type:IMM,IMM:0x3e3CMP_type:REG,XM:X4=0x1f,"
BAR,290686000,ALL,64,0,0.000000,"PIPE:ALL"
BAR,290686004,ALL,64,0,0.000000,"PIPE:ALL"
SET_FLAG,290686020,VECTOR,64,0,0.000000,"PIPE:VEC,TRIGGERPIPE:SCALAR,FLAGID:7,"
BAR,290686036,VECTOR,64,0,0.000000,"PIPE:VEC"
WAIT_FLAG,290686048,VECTOR,64,0,0.000000,"PIPE:SCALAR,TRIGGERPIPE:VEC,FLAGID:7,"
MOV_SPR_XN,290686072,SCALAR,64,0,0.000000,"SPR:CTRL,XN:X11=0x100000000000000,"
MOV_SPR_XN,290686096,SCALAR,64,0,0.000000,"SPR:CTRL,XN:X8=0,"
MOV_SPR_XN,290685244,SCALAR,1,0,0.000000,"SPR:CTRL,XN:X15=0,"
BAR,290686400,ALL,32,0,0.000000,"PIPE:ALL"
BAR,290686120,VECTOR,2,0,0.000000,"PIPE:VEC"
SET_FLAG,290686124,SCALAR,2,0,0.000000,"PIPE:SCALAR,TRIGGERPIPE:VEC,FLAGID:7,"
WAIT_FLAG,290686128,VECTOR,2,0,0.000000,"PIPE:SCALAR,TRIGGERPIPE:VEC,FLAGID:7,"
MOV_SPR_XN,290686140,SCALAR,2,0,0.000000,"SPR:CTRL,XN:X8=0x100000000000000,"
SET_FLAG,290686180,SCALAR,2,0,0.000000,"PIPE:SCALAR,TRIGGERPIPE:MTE3,FLAGID:7,"
WAIT_FLAG,290686188,MTE3,2,0,0.000000,"PIPE:SCALAR,TRIGGERPIPE:MTE3,FLAGID:7,"
BAR,290686216,ALL,2,0,0.000000,"PIPE:ALL"
